--
-- PostgreSQL database dump
--

-- Dumped from database version 15.2
-- Dumped by pg_dump version 15.2

SET statement_timeout = 0;
SET lock_timeout = 0;
SET idle_in_transaction_session_timeout = 0;
SET client_encoding = 'UTF8';
SET standard_conforming_strings = on;
SELECT pg_catalog.set_config('search_path', '', false);
SET check_function_bodies = false;
SET xmloption = content;
SET client_min_messages = warning;
SET row_security = off;

SET default_tablespace = '';

SET default_table_access_method = heap;

--
-- Name: auth_group; Type: TABLE; Schema: public; Owner: epic_events_admin
--

CREATE TABLE public.auth_group (
    id integer NOT NULL,
    name character varying(150) NOT NULL
);


ALTER TABLE public.auth_group OWNER TO epic_events_admin;

--
-- Name: auth_group_id_seq; Type: SEQUENCE; Schema: public; Owner: epic_events_admin
--

ALTER TABLE public.auth_group ALTER COLUMN id ADD GENERATED BY DEFAULT AS IDENTITY (
    SEQUENCE NAME public.auth_group_id_seq
    START WITH 1
    INCREMENT BY 1
    NO MINVALUE
    NO MAXVALUE
    CACHE 1
);


--
-- Name: auth_group_permissions; Type: TABLE; Schema: public; Owner: epic_events_admin
--

CREATE TABLE public.auth_group_permissions (
    id bigint NOT NULL,
    group_id integer NOT NULL,
    permission_id integer NOT NULL
);


ALTER TABLE public.auth_group_permissions OWNER TO epic_events_admin;

--
-- Name: auth_group_permissions_id_seq; Type: SEQUENCE; Schema: public; Owner: epic_events_admin
--

ALTER TABLE public.auth_group_permissions ALTER COLUMN id ADD GENERATED BY DEFAULT AS IDENTITY (
    SEQUENCE NAME public.auth_group_permissions_id_seq
    START WITH 1
    INCREMENT BY 1
    NO MINVALUE
    NO MAXVALUE
    CACHE 1
);


--
-- Name: auth_permission; Type: TABLE; Schema: public; Owner: epic_events_admin
--

CREATE TABLE public.auth_permission (
    id integer NOT NULL,
    name character varying(255) NOT NULL,
    content_type_id integer NOT NULL,
    codename character varying(100) NOT NULL
);


ALTER TABLE public.auth_permission OWNER TO epic_events_admin;

--
-- Name: auth_permission_id_seq; Type: SEQUENCE; Schema: public; Owner: epic_events_admin
--

ALTER TABLE public.auth_permission ALTER COLUMN id ADD GENERATED BY DEFAULT AS IDENTITY (
    SEQUENCE NAME public.auth_permission_id_seq
    START WITH 1
    INCREMENT BY 1
    NO MINVALUE
    NO MAXVALUE
    CACHE 1
);


--
-- Name: crm_client; Type: TABLE; Schema: public; Owner: epic_events_admin
--

CREATE TABLE public.crm_client (
    id bigint NOT NULL,
    creation_date timestamp with time zone NOT NULL,
    modified_date timestamp with time zone,
    company_name character varying(250) NOT NULL,
    first_name character varying(25) NOT NULL,
    last_name character varying(25) NOT NULL,
    email character varying(100) NOT NULL,
    phone character varying(12) NOT NULL,
    mobile character varying(12) NOT NULL,
    client_statut boolean NOT NULL,
    sales_contact_id bigint
);


ALTER TABLE public.crm_client OWNER TO epic_events_admin;

--
-- Name: crm_client_id_seq; Type: SEQUENCE; Schema: public; Owner: epic_events_admin
--

ALTER TABLE public.crm_client ALTER COLUMN id ADD GENERATED BY DEFAULT AS IDENTITY (
    SEQUENCE NAME public.crm_client_id_seq
    START WITH 1
    INCREMENT BY 1
    NO MINVALUE
    NO MAXVALUE
    CACHE 1
);


--
-- Name: crm_contract; Type: TABLE; Schema: public; Owner: epic_events_admin
--

CREATE TABLE public.crm_contract (
    id bigint NOT NULL,
    creation_date timestamp with time zone NOT NULL,
    modified_date timestamp with time zone,
    contrat_statut boolean NOT NULL,
    amount double precision NOT NULL,
    payment_due timestamp with time zone,
    client_id bigint NOT NULL,
    sales_contact_id bigint
);


ALTER TABLE public.crm_contract OWNER TO epic_events_admin;

--
-- Name: crm_contract_id_seq; Type: SEQUENCE; Schema: public; Owner: epic_events_admin
--

ALTER TABLE public.crm_contract ALTER COLUMN id ADD GENERATED BY DEFAULT AS IDENTITY (
    SEQUENCE NAME public.crm_contract_id_seq
    START WITH 1
    INCREMENT BY 1
    NO MINVALUE
    NO MAXVALUE
    CACHE 1
);


--
-- Name: crm_employee; Type: TABLE; Schema: public; Owner: epic_events_admin
--

CREATE TABLE public.crm_employee (
    id bigint NOT NULL,
    last_login timestamp with time zone,
    is_superuser boolean NOT NULL,
    is_staff boolean NOT NULL,
    is_active boolean NOT NULL,
    date_joined timestamp with time zone NOT NULL,
    creation_date timestamp with time zone NOT NULL,
    modified_date timestamp with time zone,
    email character varying(100) NOT NULL,
    password character varying(100) NOT NULL,
    first_name character varying(25) NOT NULL,
    last_name character varying(25) NOT NULL,
    department character varying(20)
);


ALTER TABLE public.crm_employee OWNER TO epic_events_admin;

--
-- Name: crm_employee_groups; Type: TABLE; Schema: public; Owner: epic_events_admin
--

CREATE TABLE public.crm_employee_groups (
    id bigint NOT NULL,
    employee_id bigint NOT NULL,
    group_id integer NOT NULL
);


ALTER TABLE public.crm_employee_groups OWNER TO epic_events_admin;

--
-- Name: crm_employee_groups_id_seq; Type: SEQUENCE; Schema: public; Owner: epic_events_admin
--

ALTER TABLE public.crm_employee_groups ALTER COLUMN id ADD GENERATED BY DEFAULT AS IDENTITY (
    SEQUENCE NAME public.crm_employee_groups_id_seq
    START WITH 1
    INCREMENT BY 1
    NO MINVALUE
    NO MAXVALUE
    CACHE 1
);


--
-- Name: crm_employee_id_seq; Type: SEQUENCE; Schema: public; Owner: epic_events_admin
--

ALTER TABLE public.crm_employee ALTER COLUMN id ADD GENERATED BY DEFAULT AS IDENTITY (
    SEQUENCE NAME public.crm_employee_id_seq
    START WITH 1
    INCREMENT BY 1
    NO MINVALUE
    NO MAXVALUE
    CACHE 1
);


--
-- Name: crm_employee_user_permissions; Type: TABLE; Schema: public; Owner: epic_events_admin
--

CREATE TABLE public.crm_employee_user_permissions (
    id bigint NOT NULL,
    employee_id bigint NOT NULL,
    permission_id integer NOT NULL
);


ALTER TABLE public.crm_employee_user_permissions OWNER TO epic_events_admin;

--
-- Name: crm_employee_user_permissions_id_seq; Type: SEQUENCE; Schema: public; Owner: epic_events_admin
--

ALTER TABLE public.crm_employee_user_permissions ALTER COLUMN id ADD GENERATED BY DEFAULT AS IDENTITY (
    SEQUENCE NAME public.crm_employee_user_permissions_id_seq
    START WITH 1
    INCREMENT BY 1
    NO MINVALUE
    NO MAXVALUE
    CACHE 1
);


--
-- Name: crm_event; Type: TABLE; Schema: public; Owner: epic_events_admin
--

CREATE TABLE public.crm_event (
    id bigint NOT NULL,
    creation_date timestamp with time zone NOT NULL,
    modified_date timestamp with time zone,
    attendees integer NOT NULL,
    event_date timestamp with time zone,
    notes text,
    event_statut boolean NOT NULL,
    contrat_id bigint,
    support_contact_id bigint,
    CONSTRAINT crm_event_attendees_6c7d431b_check CHECK ((attendees >= 0))
);


ALTER TABLE public.crm_event OWNER TO epic_events_admin;

--
-- Name: crm_event_id_seq; Type: SEQUENCE; Schema: public; Owner: epic_events_admin
--

ALTER TABLE public.crm_event ALTER COLUMN id ADD GENERATED BY DEFAULT AS IDENTITY (
    SEQUENCE NAME public.crm_event_id_seq
    START WITH 1
    INCREMENT BY 1
    NO MINVALUE
    NO MAXVALUE
    CACHE 1
);


--
-- Name: django_admin_log; Type: TABLE; Schema: public; Owner: epic_events_admin
--

CREATE TABLE public.django_admin_log (
    id integer NOT NULL,
    action_time timestamp with time zone NOT NULL,
    object_id text,
    object_repr character varying(200) NOT NULL,
    action_flag smallint NOT NULL,
    change_message text NOT NULL,
    content_type_id integer,
    user_id bigint NOT NULL,
    CONSTRAINT django_admin_log_action_flag_check CHECK ((action_flag >= 0))
);


ALTER TABLE public.django_admin_log OWNER TO epic_events_admin;

--
-- Name: django_admin_log_id_seq; Type: SEQUENCE; Schema: public; Owner: epic_events_admin
--

ALTER TABLE public.django_admin_log ALTER COLUMN id ADD GENERATED BY DEFAULT AS IDENTITY (
    SEQUENCE NAME public.django_admin_log_id_seq
    START WITH 1
    INCREMENT BY 1
    NO MINVALUE
    NO MAXVALUE
    CACHE 1
);


--
-- Name: django_content_type; Type: TABLE; Schema: public; Owner: epic_events_admin
--

CREATE TABLE public.django_content_type (
    id integer NOT NULL,
    app_label character varying(100) NOT NULL,
    model character varying(100) NOT NULL
);


ALTER TABLE public.django_content_type OWNER TO epic_events_admin;

--
-- Name: django_content_type_id_seq; Type: SEQUENCE; Schema: public; Owner: epic_events_admin
--

ALTER TABLE public.django_content_type ALTER COLUMN id ADD GENERATED BY DEFAULT AS IDENTITY (
    SEQUENCE NAME public.django_content_type_id_seq
    START WITH 1
    INCREMENT BY 1
    NO MINVALUE
    NO MAXVALUE
    CACHE 1
);


--
-- Name: django_migrations; Type: TABLE; Schema: public; Owner: epic_events_admin
--

CREATE TABLE public.django_migrations (
    id bigint NOT NULL,
    app character varying(255) NOT NULL,
    name character varying(255) NOT NULL,
    applied timestamp with time zone NOT NULL
);


ALTER TABLE public.django_migrations OWNER TO epic_events_admin;

--
-- Name: django_migrations_id_seq; Type: SEQUENCE; Schema: public; Owner: epic_events_admin
--

ALTER TABLE public.django_migrations ALTER COLUMN id ADD GENERATED BY DEFAULT AS IDENTITY (
    SEQUENCE NAME public.django_migrations_id_seq
    START WITH 1
    INCREMENT BY 1
    NO MINVALUE
    NO MAXVALUE
    CACHE 1
);


--
-- Name: django_session; Type: TABLE; Schema: public; Owner: epic_events_admin
--

CREATE TABLE public.django_session (
    session_key character varying(40) NOT NULL,
    session_data text NOT NULL,
    expire_date timestamp with time zone NOT NULL
);


ALTER TABLE public.django_session OWNER TO epic_events_admin;

--
-- Name: token_blacklist_blacklistedtoken; Type: TABLE; Schema: public; Owner: epic_events_admin
--

CREATE TABLE public.token_blacklist_blacklistedtoken (
    id bigint NOT NULL,
    blacklisted_at timestamp with time zone NOT NULL,
    token_id bigint NOT NULL
);


ALTER TABLE public.token_blacklist_blacklistedtoken OWNER TO epic_events_admin;

--
-- Name: token_blacklist_blacklistedtoken_id_seq; Type: SEQUENCE; Schema: public; Owner: epic_events_admin
--

ALTER TABLE public.token_blacklist_blacklistedtoken ALTER COLUMN id ADD GENERATED BY DEFAULT AS IDENTITY (
    SEQUENCE NAME public.token_blacklist_blacklistedtoken_id_seq
    START WITH 1
    INCREMENT BY 1
    NO MINVALUE
    NO MAXVALUE
    CACHE 1
);


--
-- Name: token_blacklist_outstandingtoken; Type: TABLE; Schema: public; Owner: epic_events_admin
--

CREATE TABLE public.token_blacklist_outstandingtoken (
    id bigint NOT NULL,
    token text NOT NULL,
    created_at timestamp with time zone,
    expires_at timestamp with time zone NOT NULL,
    user_id bigint,
    jti character varying(255) NOT NULL
);


ALTER TABLE public.token_blacklist_outstandingtoken OWNER TO epic_events_admin;

--
-- Name: token_blacklist_outstandingtoken_id_seq; Type: SEQUENCE; Schema: public; Owner: epic_events_admin
--

ALTER TABLE public.token_blacklist_outstandingtoken ALTER COLUMN id ADD GENERATED BY DEFAULT AS IDENTITY (
    SEQUENCE NAME public.token_blacklist_outstandingtoken_id_seq
    START WITH 1
    INCREMENT BY 1
    NO MINVALUE
    NO MAXVALUE
    CACHE 1
);


--
-- Data for Name: auth_group; Type: TABLE DATA; Schema: public; Owner: epic_events_admin
--

COPY public.auth_group (id, name) FROM stdin;
1	Manager
2	Sale
3	Support
\.


--
-- Data for Name: auth_group_permissions; Type: TABLE DATA; Schema: public; Owner: epic_events_admin
--

COPY public.auth_group_permissions (id, group_id, permission_id) FROM stdin;
2	1	13
3	1	14
4	1	15
5	1	16
6	1	17
7	1	18
8	1	19
9	1	20
10	1	21
11	1	22
12	1	23
13	1	24
14	1	25
15	1	26
16	1	27
17	1	28
18	2	17
19	2	18
20	2	19
21	2	20
22	2	21
23	2	22
24	2	23
25	2	24
28	3	26
29	3	27
30	3	28
32	3	20
33	2	16
34	2	25
35	2	28
36	2	26
37	2	27
38	3	16
\.


--
-- Data for Name: auth_permission; Type: TABLE DATA; Schema: public; Owner: epic_events_admin
--

COPY public.auth_permission (id, name, content_type_id, codename) FROM stdin;
1	Can add permission	1	add_permission
2	Can change permission	1	change_permission
3	Can delete permission	1	delete_permission
4	Can view permission	1	view_permission
5	Can add group	2	add_group
6	Can change group	2	change_group
7	Can delete group	2	delete_group
8	Can view group	2	view_group
9	Can add content type	3	add_contenttype
10	Can change content type	3	change_contenttype
11	Can delete content type	3	delete_contenttype
12	Can view content type	3	view_contenttype
13	Can add Employé	4	add_employee
14	Can change Employé	4	change_employee
15	Can delete Employé	4	delete_employee
16	Can view Employé	4	view_employee
17	Can add Client/Prospect	5	add_client
18	Can change Client/Prospect	5	change_client
19	Can delete Client/Prospect	5	delete_client
20	Can view Client/Prospect	5	view_client
21	Can add Contrat	6	add_contract
22	Can change Contrat	6	change_contract
23	Can delete Contrat	6	delete_contract
24	Can view Contrat	6	view_contract
25	Can add Event	7	add_event
26	Can change Event	7	change_event
27	Can delete Event	7	delete_event
28	Can view Event	7	view_event
29	Can add log entry	8	add_logentry
30	Can change log entry	8	change_logentry
31	Can delete log entry	8	delete_logentry
32	Can view log entry	8	view_logentry
33	Can add session	9	add_session
34	Can change session	9	change_session
35	Can delete session	9	delete_session
36	Can view session	9	view_session
37	Can add blacklisted token	10	add_blacklistedtoken
38	Can change blacklisted token	10	change_blacklistedtoken
39	Can delete blacklisted token	10	delete_blacklistedtoken
40	Can view blacklisted token	10	view_blacklistedtoken
41	Can add outstanding token	11	add_outstandingtoken
42	Can change outstanding token	11	change_outstandingtoken
43	Can delete outstanding token	11	delete_outstandingtoken
44	Can view outstanding token	11	view_outstandingtoken
\.


--
-- Data for Name: crm_client; Type: TABLE DATA; Schema: public; Owner: epic_events_admin
--

COPY public.crm_client (id, creation_date, modified_date, company_name, first_name, last_name, email, phone, mobile, client_statut, sales_contact_id) FROM stdin;
3	2023-03-27 12:37:34.774822+02	2023-03-27 12:37:42.079872+02	compagine3	Luc	Remo	luc.remo@compagnie3.com			t	5
4	2023-03-31 09:51:48.896564+02	2023-03-31 09:51:48.89659+02	new compagnie test	prenom	nom	prenom.nom@newcompagnie.com	000000000	000000000	f	4
1	2023-03-24 12:50:11.552206+01	2023-03-31 13:53:56.680349+02	Compagnie1	Xavier	Wagner	xavier.wagner@compagnie1.com	000000000	000000000	t	4
2	2023-03-24 12:51:04.879849+01	2023-04-05 17:37:54.710155+02	gaga	Jerry	Gogo	jerry.gogo@compagnie2.com	000000000	000000000	t	4
\.


--
-- Data for Name: crm_contract; Type: TABLE DATA; Schema: public; Owner: epic_events_admin
--

COPY public.crm_contract (id, creation_date, modified_date, contrat_statut, amount, payment_due, client_id, sales_contact_id) FROM stdin;
3	2023-03-27 20:05:42.243813+02	2023-03-31 13:54:06.964691+02	t	400	\N	1	4
1	2023-03-24 13:00:40.745674+01	2023-04-05 17:37:42.960889+02	f	300	2023-08-04 14:00:00+02	1	4
2	2023-03-24 13:06:06.475115+01	2023-04-06 13:21:50.276897+02	t	300	2023-04-08 14:00:38+02	2	5
\.


--
-- Data for Name: crm_employee; Type: TABLE DATA; Schema: public; Owner: epic_events_admin
--

COPY public.crm_employee (id, last_login, is_superuser, is_staff, is_active, date_joined, creation_date, modified_date, email, password, first_name, last_name, department) FROM stdin;
8	2023-04-07 14:43:54.707038+02	f	t	t	2023-03-24 12:42:45.694159+01	2023-03-24 12:42:45.76278+01	2023-04-07 14:27:18.916759+02	manager2@epicsevents.com	pbkdf2_sha256$390000$xklgqVTZrGJf2ixl3kglQA$DckRpOgJAJ/aKb5FHrdQg1ozPkJMVR8Hjj6/eROYzSM=	Mireille	House	MANAGER
4	\N	f	f	t	2023-03-24 12:39:42.589809+01	2023-03-24 12:39:42.666182+01	2023-03-24 12:40:01.818652+01	sale1@epicsevents.com	pbkdf2_sha256$390000$kTGFaOzYHRoq23ThEzh4i2$QX1Qljx21ArDqKGlarpKk3NgtiO8NQWdkyJcAz+uXrw=	Didier	Loupik	SALES
5	\N	f	f	t	2023-03-24 12:40:24.302641+01	2023-03-24 12:40:24.373871+01	2023-03-24 12:40:38.702487+01	sale2@epicsevents.com	pbkdf2_sha256$390000$AqCoUuaJupv3cBU43GmbIM$3pF0lLmKrSFsZpWMq7NlzYEZ5WBEYZxC0FyTdm/rX6Y=	Elodie	Gouness	SALES
6	\N	f	f	t	2023-03-24 12:40:57.195395+01	2023-03-24 12:40:57.270188+01	2023-03-24 12:41:20.23449+01	support1@epicsevents.com	pbkdf2_sha256$390000$j7Qu6sGXHttk6NHNNlIyM4$p20MuBpUvUtOSbWvT4K51VLQYNxKgSNdQp0ihE7ROgo=	Marge	De la mancha	SUPPORT
7	\N	f	f	t	2023-03-24 12:41:52.263885+01	2023-03-24 12:41:52.338426+01	2023-03-24 12:42:09.647163+01	support2@epicsevents.com	pbkdf2_sha256$390000$j2yOgEmsroOvEigueUCaBm$YxtB/HUvW/BInGITTuuEHZ5Qf85KDbm4qf83xQN7Mo8=	Luc	Marsouin	SUPPORT
3	2023-04-07 14:49:39.183411+02	f	t	t	2023-03-24 11:30:47.959479+01	2023-03-24 11:30:48.028819+01	2023-03-24 11:52:10.981484+01	manager1@epicsevents.com	pbkdf2_sha256$390000$68gbetrlktobzEnKY6dUY5$KVILm+GljY4Rtg4YQerHfayBcl4UGFv12eYRzo4p+iI=	Max	Legrand	MANAGER
9	\N	f	f	t	2023-03-27 20:21:25.205243+02	2023-03-27 20:21:25.277925+02	2023-03-28 15:31:53.473735+02	test@epicsevents.com	pbkdf2_sha256$390000$rT5rVKu7BQwjKRbwvz30Xg$F3kB++p2rkiWHyuPlVpIe0HccMeNJVPrJUW717tFyHo=	Testy	Maxy	\N
13	2023-04-07 14:52:35.441553+02	f	f	t	2023-04-07 10:43:39.527475+02	2023-04-07 10:43:39.590098+02	2023-04-07 14:50:08.282606+02	test3@epicsevents.com	pbkdf2_sha256$390000$8CF4TBFjZlL5MfAlipcq7c$j5JqK6nOzu17Haaq2PcWKzPhF3jR6vNw0q01GazzeCU=	Bruno	Violettttt	SUPPORT
1	2023-04-07 15:47:19.453025+02	t	t	t	2023-03-24 10:49:00.964748+01	2023-03-24 10:49:01.041096+01	2023-03-24 10:49:01.041103+01	admin@epicsevents.com	pbkdf2_sha256$390000$PElI2QoSmeFcmJ4llT2Wg6$HkD7ocDhBuJk06ACn36goNIf3E4JGpbPhG43DnYujCA=			\N
12	2023-04-06 19:28:44.848763+02	f	f	t	2023-03-31 18:34:51.337232+02	2023-03-31 18:34:51.397747+02	2023-03-31 18:34:51.397751+02	test2@epicsevents.com	pbkdf2_sha256$390000$7qTRwvY89RTFHmh83qthwg$YNp1i/CE0bOLCtKfwvlxSMyEHe3eHQUZWNsKT3hvbGs=	Bruno	Violet	SUPPORT
\.


--
-- Data for Name: crm_employee_groups; Type: TABLE DATA; Schema: public; Owner: epic_events_admin
--

COPY public.crm_employee_groups (id, employee_id, group_id) FROM stdin;
2	3	1
3	4	2
4	5	2
5	6	3
6	7	3
7	8	1
9	13	3
\.


--
-- Data for Name: crm_employee_user_permissions; Type: TABLE DATA; Schema: public; Owner: epic_events_admin
--

COPY public.crm_employee_user_permissions (id, employee_id, permission_id) FROM stdin;
\.


--
-- Data for Name: crm_event; Type: TABLE DATA; Schema: public; Owner: epic_events_admin
--

COPY public.crm_event (id, creation_date, modified_date, attendees, event_date, notes, event_statut, contrat_id, support_contact_id) FROM stdin;
5	2023-04-06 11:46:59.095464+02	2023-04-06 13:28:56.06559+02	1	\N		f	2	12
\.


--
-- Data for Name: django_admin_log; Type: TABLE DATA; Schema: public; Owner: epic_events_admin
--

COPY public.django_admin_log (id, action_time, object_id, object_repr, action_flag, change_message, content_type_id, user_id) FROM stdin;
1	2023-03-24 10:51:21.170548+01	1	Manager	1	[{"added": {}}]	2	1
2	2023-03-24 10:51:48.296066+01	2	Sale	1	[{"added": {}}]	2	1
3	2023-03-24 10:52:21.548926+01	3	Support	1	[{"added": {}}]	2	1
4	2023-03-24 10:53:03.325111+01	2	Sale	2	[]	2	1
5	2023-03-24 11:01:43.212305+01	2	manager1@epicsevents.com	1	[{"added": {}}]	4	1
6	2023-03-24 11:02:11.573839+01	2	manager1@epicsevents.com	2	[{"changed": {"fields": ["Staff status"]}}]	4	1
7	2023-03-24 11:04:08.061963+01	2	manager1@epicsevents.com	3		4	1
8	2023-03-24 11:30:48.029835+01	3	manager1@epicsevents.com	1	[{"added": {}}]	4	1
9	2023-03-24 11:35:41.422793+01	3	manager1@epicsevents.com	2	[{"changed": {"fields": ["First name", "Last name", "Groups"]}}]	4	1
10	2023-03-24 11:39:19.488357+01	3	manager1@epicsevents.com	2	[{"changed": {"fields": ["Staff status"]}}]	4	1
11	2023-03-24 11:52:10.983905+01	3	manager1@epicsevents.com	2	[{"changed": {"fields": ["Department"]}}]	4	3
12	2023-03-24 12:39:42.667189+01	4	sale1@epicsevents.com	1	[{"added": {}}]	4	3
13	2023-03-24 12:40:01.822151+01	4	sale1@epicsevents.com	2	[{"changed": {"fields": ["First name", "Last name", "Groups", "Department"]}}]	4	3
14	2023-03-24 12:40:24.374951+01	5	sale2@epicsevents.com	1	[{"added": {}}]	4	3
15	2023-03-24 12:40:38.706475+01	5	sale2@epicsevents.com	2	[{"changed": {"fields": ["First name", "Last name", "Groups", "Department"]}}]	4	3
16	2023-03-24 12:40:57.271167+01	6	support1@epicsevents.com	1	[{"added": {}}]	4	3
17	2023-03-24 12:41:20.238381+01	6	support1@epicsevents.com	2	[{"changed": {"fields": ["First name", "Last name", "Groups", "Department"]}}]	4	3
18	2023-03-24 12:41:52.339511+01	7	support2@epicsevents.com	1	[{"added": {}}]	4	3
19	2023-03-24 12:42:09.649725+01	7	support2@epicsevents.com	2	[{"changed": {"fields": ["First name", "Last name", "Groups", "Department"]}}]	4	3
20	2023-03-24 12:42:45.763851+01	8	manager2@epicsevents.com	1	[{"added": {}}]	4	3
21	2023-03-24 12:43:06.93101+01	8	manager2@epicsevents.com	2	[{"changed": {"fields": ["First name", "Last name", "Groups", "Department"]}}]	4	3
22	2023-03-24 12:50:11.556297+01	1	Compagnie1	1	[{"added": {}}]	5	3
23	2023-03-24 12:51:04.880634+01	2	Compagnie 2	1	[{"added": {}}]	5	3
24	2023-03-24 13:00:40.749148+01	1	Compagnie1 (Signé)	1	[{"added": {}}]	6	3
25	2023-03-24 17:53:45.452299+01	2	Compagnie 2 (Signé)	2	[{"changed": {"fields": ["Client", "Contrat sign\\u00e9"]}}]	6	3
26	2023-03-24 17:54:32.632849+01	1	(En cours)	1	[{"added": {}}]	7	3
27	2023-03-24 20:35:03.664035+01	3	Support	2	[{"changed": {"fields": ["Permissions"]}}]	2	1
28	2023-03-24 20:39:38.057185+01	3	Support	2	[{"changed": {"fields": ["Permissions"]}}]	2	1
29	2023-03-24 22:00:48.038701+01	3	Support	2	[{"changed": {"fields": ["Permissions"]}}]	2	1
30	2023-03-27 12:37:34.776561+02	3	compagine3	1	[{"added": {}}]	5	1
31	2023-03-27 12:37:42.082598+02	3	compagine3	2	[{"changed": {"fields": ["Sales contact"]}}]	5	1
32	2023-03-27 17:00:56.002359+02	1	(En cours)	2	[{"changed": {"fields": ["Support contact"]}}]	7	1
33	2023-03-27 17:08:50.495481+02	1	(En cours)	2	[]	7	1
34	2023-03-27 18:53:54.043459+02	1	compagine3 (Signé)	2	[{"changed": {"fields": ["Sales contact", "Client"]}}]	6	1
35	2023-03-27 18:59:13.755358+02	1	Manager	2	[{"changed": {"fields": ["Permissions"]}}]	2	1
36	2023-03-27 18:59:35.502404+02	2	Sale	2	[{"changed": {"fields": ["Permissions"]}}]	2	1
37	2023-03-27 19:03:03.701842+02	2	Sale	2	[]	2	1
38	2023-03-27 19:08:16.733806+02	1	compagine3 (Signé)	2	[{"changed": {"fields": ["Sales contact"]}}]	6	1
39	2023-03-27 19:08:32.724626+02	2	Compagnie1 (Non signé)	2	[{"changed": {"fields": ["Sales contact"]}}]	6	1
40	2023-03-27 19:53:47.104603+02	1	Contrat 'compagine3 (Signé)' du client 'compagine3' : (En cours)	2	[{"changed": {"fields": ["Client", "Contrat"]}}]	7	1
41	2023-03-27 19:54:07.589874+02	2	Contrat 'Compagnie1 (Non signé)' du client 'Compagnie name changed' : (En cours)	1	[{"added": {}}]	7	1
42	2023-03-27 20:03:51.021642+02	2	Sale	2	[{"changed": {"fields": ["Permissions"]}}]	2	1
43	2023-03-27 20:05:42.245542+02	3	Compagnie1 (Non signé)	1	[{"added": {}}]	6	1
44	2023-03-27 20:21:25.278841+02	9	test@epicsevents.com	1	[{"added": {}}]	4	3
45	2023-03-27 20:21:51.040241+02	9	test@epicsevents.com	2	[{"changed": {"fields": ["First name", "Last name"]}}]	4	3
46	2023-03-27 20:24:23.670859+02	9	test@epicsevents.com	2	[{"changed": {"fields": ["Department"]}}]	4	3
47	2023-03-27 20:24:55.25671+02	9	test@epicsevents.com	2	[{"changed": {"fields": ["Groups", "Department"]}}]	4	3
48	2023-03-28 15:31:53.477439+02	9	test@epicsevents.com	2	[{"changed": {"fields": ["Groups"]}}]	4	3
49	2023-03-31 10:34:38.543432+02	3	Event n°3 (terminé)	2	[{"changed": {"fields": ["Client", "Support contact"]}}]	7	1
50	2023-03-31 10:34:57.026983+02	3	Event n°3 (terminé)	2	[{"changed": {"fields": ["Support contact"]}}]	7	1
51	2023-03-31 10:50:00.776726+02	2	Sale	2	[{"changed": {"fields": ["Permissions"]}}]	2	1
52	2023-03-31 10:52:58.596283+02	3	Support	2	[{"changed": {"fields": ["Permissions"]}}]	2	1
53	2023-03-31 10:58:56.608347+02	2	Sale	2	[{"changed": {"fields": ["Permissions"]}}]	2	1
54	2023-03-31 13:51:31.930521+02	3	Contrat n°3 (signé)	2	[{"changed": {"fields": ["Contrat sign\\u00e9"]}}]	6	1
55	2023-03-31 13:53:56.68166+02	1	Compagnie1 (client)	2	[{"changed": {"fields": ["Client"]}}]	5	1
56	2023-03-31 13:54:06.966279+02	3	Contrat n°3 /Compagnie1 / (signé)	2	[{"changed": {"fields": ["Sales contact"]}}]	6	1
57	2023-03-31 14:28:26.510611+02	3	Event n°3 (terminé)	2	[{"changed": {"fields": ["Client"]}}]	7	1
58	2023-03-31 14:28:58.489103+02	3	Event n°3 (terminé)	2	[]	7	1
59	2023-03-31 14:29:23.125038+02	2	Event n°2 (en cours)	2	[{"changed": {"fields": ["Contrat"]}}]	7	1
60	2023-03-31 18:34:45.290288+02	10	test2@epicsevents.com	3		4	1
61	2023-03-31 18:34:45.293282+02	11	test3@epicsevents.com	3		4	1
62	2023-04-01 15:40:51.853566+02	2	gaga (client)	2	[{"changed": {"fields": ["Email"]}}]	5	1
63	2023-04-04 23:33:43.413944+02	3	Event n°3 (terminé)	3		7	1
64	2023-04-05 00:12:07.30008+02	4	Event n°4 (en cours)	1	[{"added": {}}]	7	1
65	2023-04-05 00:12:19.372183+02	4	Event n°4 (en cours)	2	[{"changed": {"fields": ["Client"]}}]	7	1
66	2023-04-05 00:12:27.045167+02	4	Event n°4 (en cours)	2	[{"changed": {"fields": ["Client"]}}]	7	1
67	2023-04-05 00:13:34.309889+02	1	Event n°1 (en cours)	2	[{"changed": {"fields": ["Support contact"]}}]	7	1
68	2023-04-06 10:54:41.270058+02	4	Event n°4 (en cours)	2	[{"changed": {"fields": ["Attendees"]}}]	7	1
69	2023-04-06 11:39:54.387759+02	4	Event n°4 (en cours)	3		7	1
70	2023-04-06 11:39:54.393204+02	2	Event n°2 (en cours)	3		7	1
71	2023-04-06 11:39:54.393842+02	1	Event n°1 (en cours)	3		7	1
72	2023-04-06 11:46:59.099837+02	5	Event n°5 pour Compagnie1  (en cours)	1	[{"added": {}}]	7	1
73	2023-04-06 13:17:26.736771+02	2	Contrat n°2 : Compagnie1  	2	[{"changed": {"fields": ["Contrat sign\\u00e9"]}}]	6	1
74	2023-04-06 13:21:50.278869+02	2	Contrat n°2 : gaga  	2	[{"changed": {"fields": ["Client"]}}]	6	1
75	2023-04-06 13:28:56.067374+02	5	Event n°5	2	[{"changed": {"fields": ["Contrat"]}}]	7	1
76	2023-04-07 14:27:18.919639+02	8	manager2@epicsevents.com	2	[{"changed": {"fields": ["Staff status"]}}]	4	1
77	2023-04-07 14:43:35.29+02	13	test3@epicsevents.com	2	[{"changed": {"fields": ["Last name"]}}]	4	1
78	2023-04-07 14:44:05.293436+02	13	test3@epicsevents.com	2	[{"changed": {"fields": ["Last name"]}}]	4	8
79	2023-04-07 14:50:08.285639+02	13	test3@epicsevents.com	2	[{"changed": {"fields": ["Groups"]}}]	4	3
80	2023-04-07 14:52:13.365127+02	3	Support	2	[{"changed": {"fields": ["Permissions"]}}]	2	1
\.


--
-- Data for Name: django_content_type; Type: TABLE DATA; Schema: public; Owner: epic_events_admin
--

COPY public.django_content_type (id, app_label, model) FROM stdin;
1	auth	permission
2	auth	group
3	contenttypes	contenttype
4	crm	employee
5	crm	client
6	crm	contract
7	crm	event
8	admin	logentry
9	sessions	session
10	token_blacklist	blacklistedtoken
11	token_blacklist	outstandingtoken
\.


--
-- Data for Name: django_migrations; Type: TABLE DATA; Schema: public; Owner: epic_events_admin
--

COPY public.django_migrations (id, app, name, applied) FROM stdin;
1	contenttypes	0001_initial	2023-03-24 10:31:26.844006+01
2	contenttypes	0002_remove_content_type_name	2023-03-24 10:31:26.848413+01
3	auth	0001_initial	2023-03-24 10:31:26.873572+01
4	auth	0002_alter_permission_name_max_length	2023-03-24 10:31:26.877365+01
5	auth	0003_alter_user_email_max_length	2023-03-24 10:31:26.880353+01
6	auth	0004_alter_user_username_opts	2023-03-24 10:31:26.883184+01
7	auth	0005_alter_user_last_login_null	2023-03-24 10:31:26.88655+01
8	auth	0006_require_contenttypes_0002	2023-03-24 10:31:26.887791+01
9	auth	0007_alter_validators_add_error_messages	2023-03-24 10:31:26.890607+01
10	auth	0008_alter_user_username_max_length	2023-03-24 10:31:26.8935+01
11	auth	0009_alter_user_last_name_max_length	2023-03-24 10:31:26.896393+01
12	auth	0010_alter_group_name_max_length	2023-03-24 10:31:26.899859+01
13	auth	0011_update_proxy_permissions	2023-03-24 10:31:26.904694+01
14	auth	0012_alter_user_first_name_max_length	2023-03-24 10:31:26.907519+01
15	crm	0001_initial	2023-03-24 10:31:26.962428+01
16	admin	0001_initial	2023-03-24 10:35:48.988141+01
17	admin	0002_logentry_remove_auto_add	2023-03-24 10:35:48.993602+01
18	admin	0003_logentry_add_action_flag_choices	2023-03-24 10:35:48.999136+01
19	sessions	0001_initial	2023-03-24 10:35:49.007699+01
20	crm	0002_alter_employee_managers_alter_event_notes	2023-03-24 22:39:20.487616+01
21	crm	0003_alter_client_sales_contact_and_more	2023-03-28 17:50:48.10262+02
22	crm	0004_alter_client_sales_contact_and_more	2023-03-29 11:18:55.081245+02
23	crm	0005_alter_client_sales_contact_and_more	2023-03-29 11:36:54.689789+02
24	crm	0006_alter_client_sales_contact_and_more	2023-03-29 11:44:03.729569+02
25	crm	0007_alter_event_support_contact	2023-03-29 11:57:20.269699+02
26	crm	0008_alter_client_sales_contact_and_more	2023-03-29 17:23:39.686272+02
27	crm	0009_alter_client_sales_contact	2023-03-29 17:38:40.378825+02
28	crm	0010_alter_contract_sales_contact_alter_event_contrat_and_more	2023-03-31 10:23:39.477735+02
29	crm	0011_alter_event_contrat	2023-03-31 13:47:03.367443+02
30	crm	0012_remove_event_client_alter_client_email_and_more	2023-04-06 11:45:03.615858+02
31	token_blacklist	0001_initial	2023-04-06 19:16:02.918917+02
32	token_blacklist	0002_outstandingtoken_jti_hex	2023-04-06 19:16:02.924305+02
33	token_blacklist	0003_auto_20171017_2007	2023-04-06 19:16:02.931134+02
34	token_blacklist	0004_auto_20171017_2013	2023-04-06 19:16:02.938699+02
35	token_blacklist	0005_remove_outstandingtoken_jti	2023-04-06 19:16:02.945155+02
36	token_blacklist	0006_auto_20171017_2113	2023-04-06 19:16:02.952108+02
37	token_blacklist	0007_auto_20171017_2214	2023-04-06 19:16:02.971756+02
38	token_blacklist	0008_migrate_to_bigautofield	2023-04-06 19:16:03.012873+02
39	token_blacklist	0010_fix_migrate_to_bigautofield	2023-04-06 19:16:03.025022+02
40	token_blacklist	0011_linearizes_history	2023-04-06 19:16:03.032517+02
41	token_blacklist	0012_alter_outstandingtoken_user	2023-04-06 19:16:03.038039+02
\.


--
-- Data for Name: django_session; Type: TABLE DATA; Schema: public; Owner: epic_events_admin
--

COPY public.django_session (session_key, session_data, expire_date) FROM stdin;
0u0ap7v45qk2z7ddao1nyovuyj5clq2s	.eJxVjDsOwyAQRO9CHSF-BpMyvc-AgN0NTiKQjF1FuXtsyUXSjea9mTcLcVtL2DouYQZ2ZZJdfrsU8xPrAeAR673x3Oq6zIkfCj9p51MDfN1O9--gxF72tbfgDaEbpRaY1IBOgEWjMVIkNKTEILOUicAKIGGz8lqMJNHlPVrFPl_ycTgx:1pkmQx:WOau2i2Q0cN2RhOrQS-IlZVMzJw6R5jKtUPbU3CUX84	2023-04-21 15:47:19.454125+02
\.


--
-- Data for Name: token_blacklist_blacklistedtoken; Type: TABLE DATA; Schema: public; Owner: epic_events_admin
--

COPY public.token_blacklist_blacklistedtoken (id, blacklisted_at, token_id) FROM stdin;
\.


--
-- Data for Name: token_blacklist_outstandingtoken; Type: TABLE DATA; Schema: public; Owner: epic_events_admin
--

COPY public.token_blacklist_outstandingtoken (id, token, created_at, expires_at, user_id, jti) FROM stdin;
1	eyJhbGciOiJIUzI1NiIsInR5cCI6IkpXVCJ9.eyJ0b2tlbl90eXBlIjoicmVmcmVzaCIsImV4cCI6MTY4MzM5MzM4MiwiaWF0IjoxNjgwODAxMzgyLCJqdGkiOiIyYzZjZWZlN2U4ODA0ZTUzYjI1MDMwYTM5NmZlYzM0NyIsInVzZXJfaWQiOjEyfQ.sNTZkD60EEisFgIR3aX3yR6myDEkYhZyeFKvkcxEX2M	2023-04-06 19:16:22.707118+02	2023-05-06 19:16:22+02	12	2c6cefe7e8804e53b25030a396fec347
2	eyJhbGciOiJIUzI1NiIsInR5cCI6IkpXVCJ9.eyJ0b2tlbl90eXBlIjoicmVmcmVzaCIsImV4cCI6MTY4MzM5NDA3OCwiaWF0IjoxNjgwODAyMDc4LCJqdGkiOiJmMGFjZmJhNGNhNDM0NGJlOGExZmU4ODE3OTE4ZDAxZSIsInVzZXJfaWQiOjEyfQ.5xd7A7ynsbMB1jt5BsrhtbCbJmIpwNa4WReQ_XgmB3Y	2023-04-06 19:27:58.873397+02	2023-05-06 19:27:58+02	12	f0acfba4ca4344be8a1fe8817918d01e
3	eyJhbGciOiJIUzI1NiIsInR5cCI6IkpXVCJ9.eyJ0b2tlbl90eXBlIjoicmVmcmVzaCIsImV4cCI6MTY4MzM5NDM1MiwiaWF0IjoxNjgwODAyMzUyLCJqdGkiOiIxZWU4ZmU1YTI1YzY0MmJmYjY4MTE4MjMwNTM5YjdhOCIsInVzZXJfaWQiOjh9.xWkv0Ob_2M7BK54WsmQ6zv3wIUPe49S0UeeV6nbFRBw	2023-04-06 19:32:32.064839+02	2023-05-06 19:32:32+02	8	1ee8fe5a25c642bfb68118230539b7a8
4	eyJhbGciOiJIUzI1NiIsInR5cCI6IkpXVCJ9.eyJ0b2tlbl90eXBlIjoicmVmcmVzaCIsImV4cCI6MTY4MzM5NDM5MCwiaWF0IjoxNjgwODAyMzkwLCJqdGkiOiIzNDZmMDI2NjUxOTE0YmFkOTc0YzhkZThlMGM5YWJhOSIsInVzZXJfaWQiOjh9.fm0KHhAhnFjjWSG572DYDVMVgJEDa37k1p7rlfpyLtc	2023-04-06 19:33:10.20227+02	2023-05-06 19:33:10+02	8	346f026651914bad974c8de8e0c9aba9
5	eyJhbGciOiJIUzI1NiIsInR5cCI6IkpXVCJ9.eyJ0b2tlbl90eXBlIjoicmVmcmVzaCIsImV4cCI6MTY4MzM5NDM5MywiaWF0IjoxNjgwODAyMzkzLCJqdGkiOiI5YjU4MGI1ZDE0Mjk0MmJkOWI2MTNkMmE0ZjMxZDQ5ZiIsInVzZXJfaWQiOjh9.qcZA7afU6pIjfaUtPRWC-64Y4DZEVQXsFfGxYawpxkU	2023-04-06 19:33:13.15232+02	2023-05-06 19:33:13+02	8	9b580b5d142942bd9b613d2a4f31d49f
6	eyJhbGciOiJIUzI1NiIsInR5cCI6IkpXVCJ9.eyJ0b2tlbl90eXBlIjoicmVmcmVzaCIsImV4cCI6MTY4MzM5NDM5NCwiaWF0IjoxNjgwODAyMzk0LCJqdGkiOiIzOWZkODMwZWRmMTQ0ZjY1OTNlNWI2MDM3ZDdhNmE5YiIsInVzZXJfaWQiOjh9.0035EW_QBYn7zHc309ivxBQqA7L7UPBlpsLoVcNLR4k	2023-04-06 19:33:14.348496+02	2023-05-06 19:33:14+02	8	39fd830edf144f6593e5b6037d7a6a9b
7	eyJhbGciOiJIUzI1NiIsInR5cCI6IkpXVCJ9.eyJ0b2tlbl90eXBlIjoicmVmcmVzaCIsImV4cCI6MTY4MzM5NDQwMywiaWF0IjoxNjgwODAyNDAzLCJqdGkiOiIxYzAwMjU1NjBlNzU0OTUwYWY1MTk0MjQ0ZjA1ODdhZSIsInVzZXJfaWQiOjh9.rD_mLUsmlK1tSPIOs7Q5BgNZ0ivGFMp9HVpL2wyjow4	2023-04-06 19:33:23.452584+02	2023-05-06 19:33:23+02	8	1c0025560e754950af5194244f0587ae
8	eyJhbGciOiJIUzI1NiIsInR5cCI6IkpXVCJ9.eyJ0b2tlbl90eXBlIjoicmVmcmVzaCIsImV4cCI6MTY4MzM5NDQwOCwiaWF0IjoxNjgwODAyNDA4LCJqdGkiOiI3NTE1MDQ4NTQ4MWI0MDI3OGVjOTA4NGEyYWViMTc3OCIsInVzZXJfaWQiOjh9.FFagPam1Xl0z36LPfIJUoy6lkujPEUxEmbbGtIxxn9w	2023-04-06 19:33:28.126886+02	2023-05-06 19:33:28+02	8	75150485481b40278ec9084a2aeb1778
9	eyJhbGciOiJIUzI1NiIsInR5cCI6IkpXVCJ9.eyJ0b2tlbl90eXBlIjoicmVmcmVzaCIsImV4cCI6MTY4MzQwNDc0OSwiaWF0IjoxNjgwODEyNzQ5LCJqdGkiOiI3NmFlNTc5ODkwYTU0ZmIyOTg0MGIyMjc5NTQzM2ZlNyIsInVzZXJfaWQiOjh9.nUrarp0zdFHwJA50gqHE4uqDXEIgzAXfZetQKdvvHP8	2023-04-06 22:25:49.156812+02	2023-05-06 22:25:49+02	8	76ae579890a54fb29840b22795433fe7
10	eyJhbGciOiJIUzI1NiIsInR5cCI6IkpXVCJ9.eyJ0b2tlbl90eXBlIjoicmVmcmVzaCIsImV4cCI6MTY4MzQ0NzUwMSwiaWF0IjoxNjgwODU1NTAxLCJqdGkiOiIzNmVmMTk2ODJiNDk0YWE2ODI3M2FkYWUzZGE4YTFiYyIsInVzZXJfaWQiOjh9.pkm6RMPxFy6T9KXZ6ZdEDaPcim9tP4jwOGcsd2e8VJY	2023-04-07 10:18:21.97479+02	2023-05-07 10:18:21+02	8	36ef19682b494aa68273adae3da8a1bc
11	eyJhbGciOiJIUzI1NiIsInR5cCI6IkpXVCJ9.eyJ0b2tlbl90eXBlIjoicmVmcmVzaCIsImV4cCI6MTY4MzQ0NzU1NywiaWF0IjoxNjgwODU1NTU3LCJqdGkiOiIyZTk3YjA4NmJlMTI0ZWU1YTVmMTg5ZjQwODBlY2IxYyIsInVzZXJfaWQiOjh9.672sWWs4PfKXfEmK3LiGo-v9eiyglZx4FkABbCFwDA8	2023-04-07 10:19:17.444815+02	2023-05-07 10:19:17+02	8	2e97b086be124ee5a5f189f4080ecb1c
12	eyJhbGciOiJIUzI1NiIsInR5cCI6IkpXVCJ9.eyJ0b2tlbl90eXBlIjoicmVmcmVzaCIsImV4cCI6MTY4MzQ1MTE4MiwiaWF0IjoxNjgwODU5MTgyLCJqdGkiOiJmYjQ0NDIzZjBmYzY0MmUxYWU4MDNmYzBjMzAxYTUxNCIsInVzZXJfaWQiOjh9.SBQkouBBB-LaDXBg91QpXH5H5wG0-rNDp_Phyecm6TY	2023-04-07 11:19:42.938534+02	2023-05-07 11:19:42+02	8	fb44423f0fc642e1ae803fc0c301a514
13	eyJhbGciOiJIUzI1NiIsInR5cCI6IkpXVCJ9.eyJ0b2tlbl90eXBlIjoicmVmcmVzaCIsImV4cCI6MTY4MzQ1MTM3NSwiaWF0IjoxNjgwODU5Mzc1LCJqdGkiOiIyMjFhYjdjMjhkOGY0MTk0YmE0ZDYxOWFhNTFkODJiZiIsInVzZXJfaWQiOjh9.YNBUOwqumGhA_DY_Fsggm7sU3VRZnsWxtDVbJqVswzI	2023-04-07 11:22:55.971535+02	2023-05-07 11:22:55+02	8	221ab7c28d8f4194ba4d619aa51d82bf
\.


--
-- Name: auth_group_id_seq; Type: SEQUENCE SET; Schema: public; Owner: epic_events_admin
--

SELECT pg_catalog.setval('public.auth_group_id_seq', 3, true);


--
-- Name: auth_group_permissions_id_seq; Type: SEQUENCE SET; Schema: public; Owner: epic_events_admin
--

SELECT pg_catalog.setval('public.auth_group_permissions_id_seq', 38, true);


--
-- Name: auth_permission_id_seq; Type: SEQUENCE SET; Schema: public; Owner: epic_events_admin
--

SELECT pg_catalog.setval('public.auth_permission_id_seq', 44, true);


--
-- Name: crm_client_id_seq; Type: SEQUENCE SET; Schema: public; Owner: epic_events_admin
--

SELECT pg_catalog.setval('public.crm_client_id_seq', 4, true);


--
-- Name: crm_contract_id_seq; Type: SEQUENCE SET; Schema: public; Owner: epic_events_admin
--

SELECT pg_catalog.setval('public.crm_contract_id_seq', 3, true);


--
-- Name: crm_employee_groups_id_seq; Type: SEQUENCE SET; Schema: public; Owner: epic_events_admin
--

SELECT pg_catalog.setval('public.crm_employee_groups_id_seq', 9, true);


--
-- Name: crm_employee_id_seq; Type: SEQUENCE SET; Schema: public; Owner: epic_events_admin
--

SELECT pg_catalog.setval('public.crm_employee_id_seq', 13, true);


--
-- Name: crm_employee_user_permissions_id_seq; Type: SEQUENCE SET; Schema: public; Owner: epic_events_admin
--

SELECT pg_catalog.setval('public.crm_employee_user_permissions_id_seq', 1, false);


--
-- Name: crm_event_id_seq; Type: SEQUENCE SET; Schema: public; Owner: epic_events_admin
--

SELECT pg_catalog.setval('public.crm_event_id_seq', 5, true);


--
-- Name: django_admin_log_id_seq; Type: SEQUENCE SET; Schema: public; Owner: epic_events_admin
--

SELECT pg_catalog.setval('public.django_admin_log_id_seq', 80, true);


--
-- Name: django_content_type_id_seq; Type: SEQUENCE SET; Schema: public; Owner: epic_events_admin
--

SELECT pg_catalog.setval('public.django_content_type_id_seq', 11, true);


--
-- Name: django_migrations_id_seq; Type: SEQUENCE SET; Schema: public; Owner: epic_events_admin
--

SELECT pg_catalog.setval('public.django_migrations_id_seq', 41, true);


--
-- Name: token_blacklist_blacklistedtoken_id_seq; Type: SEQUENCE SET; Schema: public; Owner: epic_events_admin
--

SELECT pg_catalog.setval('public.token_blacklist_blacklistedtoken_id_seq', 1, false);


--
-- Name: token_blacklist_outstandingtoken_id_seq; Type: SEQUENCE SET; Schema: public; Owner: epic_events_admin
--

SELECT pg_catalog.setval('public.token_blacklist_outstandingtoken_id_seq', 13, true);


--
-- Name: auth_group auth_group_name_key; Type: CONSTRAINT; Schema: public; Owner: epic_events_admin
--

ALTER TABLE ONLY public.auth_group
    ADD CONSTRAINT auth_group_name_key UNIQUE (name);


--
-- Name: auth_group_permissions auth_group_permissions_group_id_permission_id_0cd325b0_uniq; Type: CONSTRAINT; Schema: public; Owner: epic_events_admin
--

ALTER TABLE ONLY public.auth_group_permissions
    ADD CONSTRAINT auth_group_permissions_group_id_permission_id_0cd325b0_uniq UNIQUE (group_id, permission_id);


--
-- Name: auth_group_permissions auth_group_permissions_pkey; Type: CONSTRAINT; Schema: public; Owner: epic_events_admin
--

ALTER TABLE ONLY public.auth_group_permissions
    ADD CONSTRAINT auth_group_permissions_pkey PRIMARY KEY (id);


--
-- Name: auth_group auth_group_pkey; Type: CONSTRAINT; Schema: public; Owner: epic_events_admin
--

ALTER TABLE ONLY public.auth_group
    ADD CONSTRAINT auth_group_pkey PRIMARY KEY (id);


--
-- Name: auth_permission auth_permission_content_type_id_codename_01ab375a_uniq; Type: CONSTRAINT; Schema: public; Owner: epic_events_admin
--

ALTER TABLE ONLY public.auth_permission
    ADD CONSTRAINT auth_permission_content_type_id_codename_01ab375a_uniq UNIQUE (content_type_id, codename);


--
-- Name: auth_permission auth_permission_pkey; Type: CONSTRAINT; Schema: public; Owner: epic_events_admin
--

ALTER TABLE ONLY public.auth_permission
    ADD CONSTRAINT auth_permission_pkey PRIMARY KEY (id);


--
-- Name: crm_client crm_client_email_2176e897_uniq; Type: CONSTRAINT; Schema: public; Owner: epic_events_admin
--

ALTER TABLE ONLY public.crm_client
    ADD CONSTRAINT crm_client_email_2176e897_uniq UNIQUE (email);


--
-- Name: crm_client crm_client_pkey; Type: CONSTRAINT; Schema: public; Owner: epic_events_admin
--

ALTER TABLE ONLY public.crm_client
    ADD CONSTRAINT crm_client_pkey PRIMARY KEY (id);


--
-- Name: crm_contract crm_contract_pkey; Type: CONSTRAINT; Schema: public; Owner: epic_events_admin
--

ALTER TABLE ONLY public.crm_contract
    ADD CONSTRAINT crm_contract_pkey PRIMARY KEY (id);


--
-- Name: crm_employee crm_employee_email_key; Type: CONSTRAINT; Schema: public; Owner: epic_events_admin
--

ALTER TABLE ONLY public.crm_employee
    ADD CONSTRAINT crm_employee_email_key UNIQUE (email);


--
-- Name: crm_employee_groups crm_employee_groups_employee_id_group_id_493aaa0b_uniq; Type: CONSTRAINT; Schema: public; Owner: epic_events_admin
--

ALTER TABLE ONLY public.crm_employee_groups
    ADD CONSTRAINT crm_employee_groups_employee_id_group_id_493aaa0b_uniq UNIQUE (employee_id, group_id);


--
-- Name: crm_employee_groups crm_employee_groups_pkey; Type: CONSTRAINT; Schema: public; Owner: epic_events_admin
--

ALTER TABLE ONLY public.crm_employee_groups
    ADD CONSTRAINT crm_employee_groups_pkey PRIMARY KEY (id);


--
-- Name: crm_employee crm_employee_pkey; Type: CONSTRAINT; Schema: public; Owner: epic_events_admin
--

ALTER TABLE ONLY public.crm_employee
    ADD CONSTRAINT crm_employee_pkey PRIMARY KEY (id);


--
-- Name: crm_employee_user_permissions crm_employee_user_permis_employee_id_permission_i_bfe1671f_uniq; Type: CONSTRAINT; Schema: public; Owner: epic_events_admin
--

ALTER TABLE ONLY public.crm_employee_user_permissions
    ADD CONSTRAINT crm_employee_user_permis_employee_id_permission_i_bfe1671f_uniq UNIQUE (employee_id, permission_id);


--
-- Name: crm_employee_user_permissions crm_employee_user_permissions_pkey; Type: CONSTRAINT; Schema: public; Owner: epic_events_admin
--

ALTER TABLE ONLY public.crm_employee_user_permissions
    ADD CONSTRAINT crm_employee_user_permissions_pkey PRIMARY KEY (id);


--
-- Name: crm_event crm_event_pkey; Type: CONSTRAINT; Schema: public; Owner: epic_events_admin
--

ALTER TABLE ONLY public.crm_event
    ADD CONSTRAINT crm_event_pkey PRIMARY KEY (id);


--
-- Name: django_admin_log django_admin_log_pkey; Type: CONSTRAINT; Schema: public; Owner: epic_events_admin
--

ALTER TABLE ONLY public.django_admin_log
    ADD CONSTRAINT django_admin_log_pkey PRIMARY KEY (id);


--
-- Name: django_content_type django_content_type_app_label_model_76bd3d3b_uniq; Type: CONSTRAINT; Schema: public; Owner: epic_events_admin
--

ALTER TABLE ONLY public.django_content_type
    ADD CONSTRAINT django_content_type_app_label_model_76bd3d3b_uniq UNIQUE (app_label, model);


--
-- Name: django_content_type django_content_type_pkey; Type: CONSTRAINT; Schema: public; Owner: epic_events_admin
--

ALTER TABLE ONLY public.django_content_type
    ADD CONSTRAINT django_content_type_pkey PRIMARY KEY (id);


--
-- Name: django_migrations django_migrations_pkey; Type: CONSTRAINT; Schema: public; Owner: epic_events_admin
--

ALTER TABLE ONLY public.django_migrations
    ADD CONSTRAINT django_migrations_pkey PRIMARY KEY (id);


--
-- Name: django_session django_session_pkey; Type: CONSTRAINT; Schema: public; Owner: epic_events_admin
--

ALTER TABLE ONLY public.django_session
    ADD CONSTRAINT django_session_pkey PRIMARY KEY (session_key);


--
-- Name: token_blacklist_blacklistedtoken token_blacklist_blacklistedtoken_pkey; Type: CONSTRAINT; Schema: public; Owner: epic_events_admin
--

ALTER TABLE ONLY public.token_blacklist_blacklistedtoken
    ADD CONSTRAINT token_blacklist_blacklistedtoken_pkey PRIMARY KEY (id);


--
-- Name: token_blacklist_blacklistedtoken token_blacklist_blacklistedtoken_token_id_key; Type: CONSTRAINT; Schema: public; Owner: epic_events_admin
--

ALTER TABLE ONLY public.token_blacklist_blacklistedtoken
    ADD CONSTRAINT token_blacklist_blacklistedtoken_token_id_key UNIQUE (token_id);


--
-- Name: token_blacklist_outstandingtoken token_blacklist_outstandingtoken_jti_hex_d9bdf6f7_uniq; Type: CONSTRAINT; Schema: public; Owner: epic_events_admin
--

ALTER TABLE ONLY public.token_blacklist_outstandingtoken
    ADD CONSTRAINT token_blacklist_outstandingtoken_jti_hex_d9bdf6f7_uniq UNIQUE (jti);


--
-- Name: token_blacklist_outstandingtoken token_blacklist_outstandingtoken_pkey; Type: CONSTRAINT; Schema: public; Owner: epic_events_admin
--

ALTER TABLE ONLY public.token_blacklist_outstandingtoken
    ADD CONSTRAINT token_blacklist_outstandingtoken_pkey PRIMARY KEY (id);


--
-- Name: auth_group_name_a6ea08ec_like; Type: INDEX; Schema: public; Owner: epic_events_admin
--

CREATE INDEX auth_group_name_a6ea08ec_like ON public.auth_group USING btree (name varchar_pattern_ops);


--
-- Name: auth_group_permissions_group_id_b120cbf9; Type: INDEX; Schema: public; Owner: epic_events_admin
--

CREATE INDEX auth_group_permissions_group_id_b120cbf9 ON public.auth_group_permissions USING btree (group_id);


--
-- Name: auth_group_permissions_permission_id_84c5c92e; Type: INDEX; Schema: public; Owner: epic_events_admin
--

CREATE INDEX auth_group_permissions_permission_id_84c5c92e ON public.auth_group_permissions USING btree (permission_id);


--
-- Name: auth_permission_content_type_id_2f476e4b; Type: INDEX; Schema: public; Owner: epic_events_admin
--

CREATE INDEX auth_permission_content_type_id_2f476e4b ON public.auth_permission USING btree (content_type_id);


--
-- Name: crm_client_email_2176e897_like; Type: INDEX; Schema: public; Owner: epic_events_admin
--

CREATE INDEX crm_client_email_2176e897_like ON public.crm_client USING btree (email varchar_pattern_ops);


--
-- Name: crm_client_sales_contact_id_e9672697; Type: INDEX; Schema: public; Owner: epic_events_admin
--

CREATE INDEX crm_client_sales_contact_id_e9672697 ON public.crm_client USING btree (sales_contact_id);


--
-- Name: crm_contract_client_id_a6b28105; Type: INDEX; Schema: public; Owner: epic_events_admin
--

CREATE INDEX crm_contract_client_id_a6b28105 ON public.crm_contract USING btree (client_id);


--
-- Name: crm_contract_sales_contact_id_0305b5fb; Type: INDEX; Schema: public; Owner: epic_events_admin
--

CREATE INDEX crm_contract_sales_contact_id_0305b5fb ON public.crm_contract USING btree (sales_contact_id);


--
-- Name: crm_employee_email_11a50b85_like; Type: INDEX; Schema: public; Owner: epic_events_admin
--

CREATE INDEX crm_employee_email_11a50b85_like ON public.crm_employee USING btree (email varchar_pattern_ops);


--
-- Name: crm_employee_groups_employee_id_6b1b6813; Type: INDEX; Schema: public; Owner: epic_events_admin
--

CREATE INDEX crm_employee_groups_employee_id_6b1b6813 ON public.crm_employee_groups USING btree (employee_id);


--
-- Name: crm_employee_groups_group_id_6d853638; Type: INDEX; Schema: public; Owner: epic_events_admin
--

CREATE INDEX crm_employee_groups_group_id_6d853638 ON public.crm_employee_groups USING btree (group_id);


--
-- Name: crm_employee_user_permissions_employee_id_74f79a13; Type: INDEX; Schema: public; Owner: epic_events_admin
--

CREATE INDEX crm_employee_user_permissions_employee_id_74f79a13 ON public.crm_employee_user_permissions USING btree (employee_id);


--
-- Name: crm_employee_user_permissions_permission_id_4efb70e8; Type: INDEX; Schema: public; Owner: epic_events_admin
--

CREATE INDEX crm_employee_user_permissions_permission_id_4efb70e8 ON public.crm_employee_user_permissions USING btree (permission_id);


--
-- Name: crm_event_contrat_id_3a5ee556; Type: INDEX; Schema: public; Owner: epic_events_admin
--

CREATE INDEX crm_event_contrat_id_3a5ee556 ON public.crm_event USING btree (contrat_id);


--
-- Name: crm_event_support_contact_id_b18d124d; Type: INDEX; Schema: public; Owner: epic_events_admin
--

CREATE INDEX crm_event_support_contact_id_b18d124d ON public.crm_event USING btree (support_contact_id);


--
-- Name: django_admin_log_content_type_id_c4bce8eb; Type: INDEX; Schema: public; Owner: epic_events_admin
--

CREATE INDEX django_admin_log_content_type_id_c4bce8eb ON public.django_admin_log USING btree (content_type_id);


--
-- Name: django_admin_log_user_id_c564eba6; Type: INDEX; Schema: public; Owner: epic_events_admin
--

CREATE INDEX django_admin_log_user_id_c564eba6 ON public.django_admin_log USING btree (user_id);


--
-- Name: django_session_expire_date_a5c62663; Type: INDEX; Schema: public; Owner: epic_events_admin
--

CREATE INDEX django_session_expire_date_a5c62663 ON public.django_session USING btree (expire_date);


--
-- Name: django_session_session_key_c0390e0f_like; Type: INDEX; Schema: public; Owner: epic_events_admin
--

CREATE INDEX django_session_session_key_c0390e0f_like ON public.django_session USING btree (session_key varchar_pattern_ops);


--
-- Name: token_blacklist_outstandingtoken_jti_hex_d9bdf6f7_like; Type: INDEX; Schema: public; Owner: epic_events_admin
--

CREATE INDEX token_blacklist_outstandingtoken_jti_hex_d9bdf6f7_like ON public.token_blacklist_outstandingtoken USING btree (jti varchar_pattern_ops);


--
-- Name: token_blacklist_outstandingtoken_user_id_83bc629a; Type: INDEX; Schema: public; Owner: epic_events_admin
--

CREATE INDEX token_blacklist_outstandingtoken_user_id_83bc629a ON public.token_blacklist_outstandingtoken USING btree (user_id);


--
-- Name: auth_group_permissions auth_group_permissio_permission_id_84c5c92e_fk_auth_perm; Type: FK CONSTRAINT; Schema: public; Owner: epic_events_admin
--

ALTER TABLE ONLY public.auth_group_permissions
    ADD CONSTRAINT auth_group_permissio_permission_id_84c5c92e_fk_auth_perm FOREIGN KEY (permission_id) REFERENCES public.auth_permission(id) DEFERRABLE INITIALLY DEFERRED;


--
-- Name: auth_group_permissions auth_group_permissions_group_id_b120cbf9_fk_auth_group_id; Type: FK CONSTRAINT; Schema: public; Owner: epic_events_admin
--

ALTER TABLE ONLY public.auth_group_permissions
    ADD CONSTRAINT auth_group_permissions_group_id_b120cbf9_fk_auth_group_id FOREIGN KEY (group_id) REFERENCES public.auth_group(id) DEFERRABLE INITIALLY DEFERRED;


--
-- Name: auth_permission auth_permission_content_type_id_2f476e4b_fk_django_co; Type: FK CONSTRAINT; Schema: public; Owner: epic_events_admin
--

ALTER TABLE ONLY public.auth_permission
    ADD CONSTRAINT auth_permission_content_type_id_2f476e4b_fk_django_co FOREIGN KEY (content_type_id) REFERENCES public.django_content_type(id) DEFERRABLE INITIALLY DEFERRED;


--
-- Name: crm_client crm_client_sales_contact_id_e9672697_fk_crm_employee_id; Type: FK CONSTRAINT; Schema: public; Owner: epic_events_admin
--

ALTER TABLE ONLY public.crm_client
    ADD CONSTRAINT crm_client_sales_contact_id_e9672697_fk_crm_employee_id FOREIGN KEY (sales_contact_id) REFERENCES public.crm_employee(id) DEFERRABLE INITIALLY DEFERRED;


--
-- Name: crm_contract crm_contract_client_id_a6b28105_fk_crm_client_id; Type: FK CONSTRAINT; Schema: public; Owner: epic_events_admin
--

ALTER TABLE ONLY public.crm_contract
    ADD CONSTRAINT crm_contract_client_id_a6b28105_fk_crm_client_id FOREIGN KEY (client_id) REFERENCES public.crm_client(id) DEFERRABLE INITIALLY DEFERRED;


--
-- Name: crm_contract crm_contract_sales_contact_id_0305b5fb_fk_crm_employee_id; Type: FK CONSTRAINT; Schema: public; Owner: epic_events_admin
--

ALTER TABLE ONLY public.crm_contract
    ADD CONSTRAINT crm_contract_sales_contact_id_0305b5fb_fk_crm_employee_id FOREIGN KEY (sales_contact_id) REFERENCES public.crm_employee(id) DEFERRABLE INITIALLY DEFERRED;


--
-- Name: crm_employee_groups crm_employee_groups_employee_id_6b1b6813_fk_crm_employee_id; Type: FK CONSTRAINT; Schema: public; Owner: epic_events_admin
--

ALTER TABLE ONLY public.crm_employee_groups
    ADD CONSTRAINT crm_employee_groups_employee_id_6b1b6813_fk_crm_employee_id FOREIGN KEY (employee_id) REFERENCES public.crm_employee(id) DEFERRABLE INITIALLY DEFERRED;


--
-- Name: crm_employee_groups crm_employee_groups_group_id_6d853638_fk_auth_group_id; Type: FK CONSTRAINT; Schema: public; Owner: epic_events_admin
--

ALTER TABLE ONLY public.crm_employee_groups
    ADD CONSTRAINT crm_employee_groups_group_id_6d853638_fk_auth_group_id FOREIGN KEY (group_id) REFERENCES public.auth_group(id) DEFERRABLE INITIALLY DEFERRED;


--
-- Name: crm_employee_user_permissions crm_employee_user_pe_employee_id_74f79a13_fk_crm_emplo; Type: FK CONSTRAINT; Schema: public; Owner: epic_events_admin
--

ALTER TABLE ONLY public.crm_employee_user_permissions
    ADD CONSTRAINT crm_employee_user_pe_employee_id_74f79a13_fk_crm_emplo FOREIGN KEY (employee_id) REFERENCES public.crm_employee(id) DEFERRABLE INITIALLY DEFERRED;


--
-- Name: crm_employee_user_permissions crm_employee_user_pe_permission_id_4efb70e8_fk_auth_perm; Type: FK CONSTRAINT; Schema: public; Owner: epic_events_admin
--

ALTER TABLE ONLY public.crm_employee_user_permissions
    ADD CONSTRAINT crm_employee_user_pe_permission_id_4efb70e8_fk_auth_perm FOREIGN KEY (permission_id) REFERENCES public.auth_permission(id) DEFERRABLE INITIALLY DEFERRED;


--
-- Name: crm_event crm_event_contrat_id_3a5ee556_fk_crm_contract_id; Type: FK CONSTRAINT; Schema: public; Owner: epic_events_admin
--

ALTER TABLE ONLY public.crm_event
    ADD CONSTRAINT crm_event_contrat_id_3a5ee556_fk_crm_contract_id FOREIGN KEY (contrat_id) REFERENCES public.crm_contract(id) DEFERRABLE INITIALLY DEFERRED;


--
-- Name: crm_event crm_event_support_contact_id_b18d124d_fk_crm_employee_id; Type: FK CONSTRAINT; Schema: public; Owner: epic_events_admin
--

ALTER TABLE ONLY public.crm_event
    ADD CONSTRAINT crm_event_support_contact_id_b18d124d_fk_crm_employee_id FOREIGN KEY (support_contact_id) REFERENCES public.crm_employee(id) DEFERRABLE INITIALLY DEFERRED;


--
-- Name: django_admin_log django_admin_log_content_type_id_c4bce8eb_fk_django_co; Type: FK CONSTRAINT; Schema: public; Owner: epic_events_admin
--

ALTER TABLE ONLY public.django_admin_log
    ADD CONSTRAINT django_admin_log_content_type_id_c4bce8eb_fk_django_co FOREIGN KEY (content_type_id) REFERENCES public.django_content_type(id) DEFERRABLE INITIALLY DEFERRED;


--
-- Name: django_admin_log django_admin_log_user_id_c564eba6_fk_crm_employee_id; Type: FK CONSTRAINT; Schema: public; Owner: epic_events_admin
--

ALTER TABLE ONLY public.django_admin_log
    ADD CONSTRAINT django_admin_log_user_id_c564eba6_fk_crm_employee_id FOREIGN KEY (user_id) REFERENCES public.crm_employee(id) DEFERRABLE INITIALLY DEFERRED;


--
-- Name: token_blacklist_blacklistedtoken token_blacklist_blacklistedtoken_token_id_3cc7fe56_fk; Type: FK CONSTRAINT; Schema: public; Owner: epic_events_admin
--

ALTER TABLE ONLY public.token_blacklist_blacklistedtoken
    ADD CONSTRAINT token_blacklist_blacklistedtoken_token_id_3cc7fe56_fk FOREIGN KEY (token_id) REFERENCES public.token_blacklist_outstandingtoken(id) DEFERRABLE INITIALLY DEFERRED;


--
-- Name: token_blacklist_outstandingtoken token_blacklist_outs_user_id_83bc629a_fk_crm_emplo; Type: FK CONSTRAINT; Schema: public; Owner: epic_events_admin
--

ALTER TABLE ONLY public.token_blacklist_outstandingtoken
    ADD CONSTRAINT token_blacklist_outs_user_id_83bc629a_fk_crm_emplo FOREIGN KEY (user_id) REFERENCES public.crm_employee(id) DEFERRABLE INITIALLY DEFERRED;


--
-- PostgreSQL database dump complete
--

